"SNP","chr","pos","beta.outcome","se.outcome","samplesize.outcome","pval.outcome","eaf.outcome","effect_allele.outcome","other_allele.outcome","outcome","id.outcome","originalname.outcome","outcome.deprecated","mr_keep.outcome","data_source.outcome"
"rs35498642","3","85928634",-0.00399497,0.012142,85449,0.742127,0.391137,"A","C","Lung cancer","ieu-a-987","Lung cancer","Lung cancer ||  || ",TRUE,"igd"
"rs4856598","3","85650790",0.0122183,0.012372,85449,0.323351,0.634045,"C","A","Lung cancer","ieu-a-987","Lung cancer","Lung cancer ||  || ",TRUE,"igd"
"rs7572027","2","226286009",0.0148771,0.015127,85449,0.325372,0.809687,"T","C","Lung cancer","ieu-a-987","Lung cancer","Lung cancer ||  || ",TRUE,"igd"
"rs61785503","1","50458443",0.0144324,0.014033,85449,0.303726,0.227134,"T","C","Lung cancer","ieu-a-987","Lung cancer","Lung cancer ||  || ",TRUE,"igd"
"rs10212155","3","117785505",0.0510165,0.016665,85449,0.00220419,0.844688,"A","G","Lung cancer","ieu-a-987","Lung cancer","Lung cancer ||  || ",TRUE,"igd"
"rs904592","3","25193102",-0.0110781,0.011847,85449,0.349747,0.494131,"G","C","Lung cancer","ieu-a-987","Lung cancer","Lung cancer ||  || ",TRUE,"igd"
"rs528301","2","45154908",0.005104,0.011986,85449,0.670266,0.59217,"A","G","Lung cancer","ieu-a-987","Lung cancer","Lung cancer ||  || ",TRUE,"igd"
"rs7870475","9","128134034",0.0294704,0.011742,85449,0.0120784,0.480759,"C","T","Lung cancer","ieu-a-987","Lung cancer","Lung cancer ||  || ",TRUE,"igd"
"rs7162423","15","74052756",0.000780695,0.011755,85449,0.947073,0.451059,"T","C","Lung cancer","ieu-a-987","Lung cancer","Lung cancer ||  || ",TRUE,"igd"
"rs55864295","4","70512801",0.0136839,0.015527,85449,0.378159,0.171753,"G","A","Lung cancer","ieu-a-987","Lung cancer","Lung cancer ||  || ",TRUE,"igd"
"rs12209519","6","67549140",-0.00454431,0.012123,85449,0.707776,0.385303,"G","A","Lung cancer","ieu-a-987","Lung cancer","Lung cancer ||  || ",TRUE,"igd"
"rs6499595","16","72934443",-0.0200119,0.013095,85449,0.126455,0.404069,"C","G","Lung cancer","ieu-a-987","Lung cancer","Lung cancer ||  || ",TRUE,"igd"
"rs2183573","21","40574305",-0.0191416,0.011918,85449,0.108248,0.5884,"G","A","Lung cancer","ieu-a-987","Lung cancer","Lung cancer ||  || ",TRUE,"igd"
"rs35892365","8","26280685",-0.00510802,0.014801,85449,0.729985,0.248608,"T","C","Lung cancer","ieu-a-987","Lung cancer","Lung cancer ||  || ",TRUE,"igd"
"rs1899896","8","93201036",0.0173457,0.012897,85449,0.178635,0.314247,"T","C","Lung cancer","ieu-a-987","Lung cancer","Lung cancer ||  || ",TRUE,"igd"
"rs17584022","11","59190650",-0.0123641,0.013045,85449,0.343206,0.282944,"A","G","Lung cancer","ieu-a-987","Lung cancer","Lung cancer ||  || ",TRUE,"igd"
"rs10179482","2","81004626",-0.012701,0.011776,85449,0.280778,0.507996,"A","G","Lung cancer","ieu-a-987","Lung cancer","Lung cancer ||  || ",TRUE,"igd"
"rs7024687","9","3174579",-0.00897659,0.01201,85449,0.454787,0.524283,"G","A","Lung cancer","ieu-a-987","Lung cancer","Lung cancer ||  || ",TRUE,"igd"
"rs1150023","10","9360823",0.0167241,0.013137,85449,0.203003,0.714103,"C","A","Lung cancer","ieu-a-987","Lung cancer","Lung cancer ||  || ",TRUE,"igd"
"rs13246563","7","3438243",-0.00142598,0.011792,85449,0.903719,0.525676,"G","C","Lung cancer","ieu-a-987","Lung cancer","Lung cancer ||  || ",TRUE,"igd"
"rs12333760","7","99185406",-0.0266346,0.015677,85449,0.0893347,0.161644,"C","T","Lung cancer","ieu-a-987","Lung cancer","Lung cancer ||  || ",TRUE,"igd"
"rs41513151","7","121962809",-0.0231192,0.014067,85449,0.100271,0.236226,"A","G","Lung cancer","ieu-a-987","Lung cancer","Lung cancer ||  || ",TRUE,"igd"
"rs465646","6","111620758",-0.0191858,0.015988,85449,0.230141,0.838034,"A","G","Lung cancer","ieu-a-987","Lung cancer","Lung cancer ||  || ",TRUE,"igd"
"rs1363101","5","103941070",0.020517,0.011775,85449,0.0814329,0.538337,"G","T","Lung cancer","ieu-a-987","Lung cancer","Lung cancer ||  || ",TRUE,"igd"
"rs73058737","3","34532026",-0.00652323,0.013012,85449,0.616137,0.291138,"T","G","Lung cancer","ieu-a-987","Lung cancer","Lung cancer ||  || ",TRUE,"igd"
"rs10952199","7","1665339",-0.020611,0.012077,85449,0.0878881,0.415242,"T","C","Lung cancer","ieu-a-987","Lung cancer","Lung cancer ||  || ",TRUE,"igd"
"rs75174460","12","133486532",0.025269,0.024195,85449,0.296298,0.07686,"C","T","Lung cancer","ieu-a-987","Lung cancer","Lung cancer ||  || ",TRUE,"igd"
"rs9423279","10","125680419",-0.00096953,0.015109,79125,0.948833,0.613359,"G","C","Lung cancer","ieu-a-987","Lung cancer","Lung cancer ||  || ",TRUE,"igd"
"rs1246265","9","86761745",0.0154,0.012743,85449,0.226855,0.682963,"C","T","Lung cancer","ieu-a-987","Lung cancer","Lung cancer ||  || ",TRUE,"igd"
"rs2155292","11","112910783",0.00571762,0.012094,85449,0.636413,0.391461,"G","A","Lung cancer","ieu-a-987","Lung cancer","Lung cancer ||  || ",TRUE,"igd"
"rs9597810","13","59264524",-0.0238584,0.012499,85449,0.0562782,0.313604,"G","C","Lung cancer","ieu-a-987","Lung cancer","Lung cancer ||  || ",TRUE,"igd"
"rs763053","16","735921",-0.0176783,0.013801,85449,0.200227,0.252162,"C","T","Lung cancer","ieu-a-987","Lung cancer","Lung cancer ||  || ",TRUE,"igd"
"rs13162305","5","12122698",0.00699448,0.012641,85449,0.580032,0.318738,"T","A","Lung cancer","ieu-a-987","Lung cancer","Lung cancer ||  || ",TRUE,"igd"
"rs13001103","2","50725152",-0.00208617,0.011767,85449,0.859292,0.485806,"A","C","Lung cancer","ieu-a-987","Lung cancer","Lung cancer ||  || ",TRUE,"igd"
"rs10956808","8","92775372",0.00724172,0.011929,85449,0.543785,0.435682,"G","T","Lung cancer","ieu-a-987","Lung cancer","Lung cancer ||  || ",TRUE,"igd"
"rs3790286","20","19655938",0.0347333,0.011821,85449,0.0033005,0.53594,"C","T","Lung cancer","ieu-a-987","Lung cancer","Lung cancer ||  || ",TRUE,"igd"
"rs7216173","17","51891405",-0.00527009,0.014785,85449,0.721494,0.779694,"T","A","Lung cancer","ieu-a-987","Lung cancer","Lung cancer ||  || ",TRUE,"igd"
"rs6265","11","27679916",-0.0348751,0.015137,85449,0.0212251,0.175688,"T","C","Lung cancer","ieu-a-987","Lung cancer","Lung cancer ||  || ",TRUE,"igd"
"rs12244388","10","104640052",0.000914582,0.012142,85449,0.939954,0.368886,"A","G","Lung cancer","ieu-a-987","Lung cancer","Lung cancer ||  || ",TRUE,"igd"
"rs905871","11","4661285",-0.00223049,0.012717,85449,0.860778,0.33931,"G","A","Lung cancer","ieu-a-987","Lung cancer","Lung cancer ||  || ",TRUE,"igd"
"rs28809490","22","46414043",0.00512783,0.014132,85449,0.716696,0.295694,"A","G","Lung cancer","ieu-a-987","Lung cancer","Lung cancer ||  || ",TRUE,"igd"
"rs58400863","4","31184484",-0.0289284,0.012455,85449,0.0201958,0.368577,"A","G","Lung cancer","ieu-a-987","Lung cancer","Lung cancer ||  || ",TRUE,"igd"
"rs67716713","2","104267572",-0.0403336,0.011681,85449,0.000554421,0.477828,"A","C","Lung cancer","ieu-a-987","Lung cancer","Lung cancer ||  || ",TRUE,"igd"
"rs11165623","1","96893000",0.0187303,0.011713,85449,0.109783,0.502143,"A","G","Lung cancer","ieu-a-987","Lung cancer","Lung cancer ||  || ",TRUE,"igd"
"rs1718705","3","61823653",-0.0261315,0.012687,85449,0.0394285,0.34005,"C","G","Lung cancer","ieu-a-987","Lung cancer","Lung cancer ||  || ",TRUE,"igd"
"rs6438208","3","114170272",0.00564106,0.014337,85449,0.693996,0.266335,"A","G","Lung cancer","ieu-a-987","Lung cancer","Lung cancer ||  || ",TRUE,"igd"
"rs10863714","1","208710593",0.00417872,0.011856,85449,0.724493,0.569541,"G","A","Lung cancer","ieu-a-987","Lung cancer","Lung cancer ||  || ",TRUE,"igd"
"rs4422110","2","146114898",-0.0258276,0.011733,85449,0.0277204,0.525758,"T","C","Lung cancer","ieu-a-987","Lung cancer","Lung cancer ||  || ",TRUE,"igd"
"rs10988799","9","102158106",-0.00289281,0.011709,85449,0.804864,0.503722,"T","C","Lung cancer","ieu-a-987","Lung cancer","Lung cancer ||  || ",TRUE,"igd"
"rs7969559","12","69655167",-0.0100177,0.012803,85449,0.433961,0.71657,"G","A","Lung cancer","ieu-a-987","Lung cancer","Lung cancer ||  || ",TRUE,"igd"
"rs1322525","6","19093152",-0.0158185,0.012246,85449,0.196449,0.354156,"G","A","Lung cancer","ieu-a-987","Lung cancer","Lung cancer ||  || ",TRUE,"igd"
"rs9375371","6","98751680",0.00651374,0.013017,85449,0.616768,0.289358,"A","G","Lung cancer","ieu-a-987","Lung cancer","Lung cancer ||  || ",TRUE,"igd"
"rs529206","11","132213460",-0.00119329,0.012006,85449,0.920852,0.590706,"T","C","Lung cancer","ieu-a-987","Lung cancer","Lung cancer ||  || ",TRUE,"igd"
"rs1373178","18","49967811",-0.0294044,0.012041,85449,0.0146073,0.577124,"G","T","Lung cancer","ieu-a-987","Lung cancer","Lung cancer ||  || ",TRUE,"igd"
"rs1040070","1","74977870",-0.000254032,0.012088,85449,0.983259,0.440191,"A","G","Lung cancer","ieu-a-987","Lung cancer","Lung cancer ||  || ",TRUE,"igd"
"rs4680392","3","157404329",0.00402589,0.012903,85449,0.755031,0.304683,"A","T","Lung cancer","ieu-a-987","Lung cancer","Lung cancer ||  || ",TRUE,"igd"
"rs1124639","2","200775744",-0.00351781,0.011677,85449,0.76321,0.54593,"C","T","Lung cancer","ieu-a-987","Lung cancer","Lung cancer ||  || ",TRUE,"igd"
"rs1549212","5","166996722",-0.0181601,0.012252,85449,0.138283,0.62457,"T","C","Lung cancer","ieu-a-987","Lung cancer","Lung cancer ||  || ",TRUE,"igd"
"rs7758291","6","129346046",-0.0153122,0.012671,85449,0.226876,0.694798,"C","A","Lung cancer","ieu-a-987","Lung cancer","Lung cancer ||  || ",TRUE,"igd"
"rs7014143","8","21587997",0.0104454,0.012087,85449,0.387507,0.586429,"C","A","Lung cancer","ieu-a-987","Lung cancer","Lung cancer ||  || ",TRUE,"igd"
"rs3783177","13","101151360",-0.0212359,0.013985,85449,0.128907,0.228215,"G","T","Lung cancer","ieu-a-987","Lung cancer","Lung cancer ||  || ",TRUE,"igd"
"rs75919030","17","50193197",0.00734198,0.013326,85449,0.581649,0.275605,"C","T","Lung cancer","ieu-a-987","Lung cancer","Lung cancer ||  || ",TRUE,"igd"
"rs150294","15","89931148",0.0237556,0.011872,85449,0.0453952,0.424556,"G","A","Lung cancer","ieu-a-987","Lung cancer","Lung cancer ||  || ",TRUE,"igd"
"rs77878475","16","18058548",-0.0604105,0.025005,85449,0.0156964,0.074327,"A","T","Lung cancer","ieu-a-987","Lung cancer","Lung cancer ||  || ",TRUE,"igd"
"rs12450028","17","2207425",-0.00683531,0.012586,85449,0.587097,0.330786,"T","C","Lung cancer","ieu-a-987","Lung cancer","Lung cancer ||  || ",TRUE,"igd"
"rs303753","18","21074922",0.0131383,0.012476,85449,0.292301,0.362159,"A","G","Lung cancer","ieu-a-987","Lung cancer","Lung cancer ||  || ",TRUE,"igd"
"rs71580759","5","87770123",-0.0290921,0.014306,85449,0.0419981,0.217627,"C","T","Lung cancer","ieu-a-987","Lung cancer","Lung cancer ||  || ",TRUE,"igd"
"rs34335016","1","154144681",0.0172808,0.018855,85449,0.359414,0.116671,"T","A","Lung cancer","ieu-a-987","Lung cancer","Lung cancer ||  || ",TRUE,"igd"
"rs2175207","10","87357738",0.016686,0.01565,85449,0.286331,0.180088,"G","A","Lung cancer","ieu-a-987","Lung cancer","Lung cancer ||  || ",TRUE,"igd"
"rs72706955","9","23818916",0.00915199,0.015444,85449,0.553462,0.172572,"A","C","Lung cancer","ieu-a-987","Lung cancer","Lung cancer ||  || ",TRUE,"igd"
"rs12902636","15","47971451",0.00217563,0.011771,85449,0.853376,0.499568,"T","C","Lung cancer","ieu-a-987","Lung cancer","Lung cancer ||  || ",TRUE,"igd"
"rs7585579","2","60024857",0.0163225,0.011795,85449,0.166418,0.50916,"G","C","Lung cancer","ieu-a-987","Lung cancer","Lung cancer ||  || ",TRUE,"igd"
"rs1876066","10","10040774",0.00170954,0.011835,85449,0.885173,0.495421,"C","T","Lung cancer","ieu-a-987","Lung cancer","Lung cancer ||  || ",TRUE,"igd"
"rs9845144","3","184056716",0.00139003,0.013489,85449,0.917949,0.27263,"A","G","Lung cancer","ieu-a-987","Lung cancer","Lung cancer ||  || ",TRUE,"igd"
"rs12272735","11","7950024",0.0303022,0.012139,85449,0.0125493,0.376739,"G","A","Lung cancer","ieu-a-987","Lung cancer","Lung cancer ||  || ",TRUE,"igd"
"rs10233018","7","117523709",-0.00201397,0.011777,85449,0.864205,0.531059,"G","A","Lung cancer","ieu-a-987","Lung cancer","Lung cancer ||  || ",TRUE,"igd"
"rs10774625","12","111910219",0.0176488,0.011935,85449,0.139213,0.537167,"G","A","Lung cancer","ieu-a-987","Lung cancer","Lung cancer ||  || ",TRUE,"igd"
"rs1324481","1","33892964",-0.0207202,0.012697,85449,0.102706,0.311658,"A","T","Lung cancer","ieu-a-987","Lung cancer","Lung cancer ||  || ",TRUE,"igd"
"rs899632","4","57749347",-0.0145341,0.011997,85449,0.225704,0.406383,"C","T","Lung cancer","ieu-a-987","Lung cancer","Lung cancer ||  || ",TRUE,"igd"
"rs7901348","10","63679281",0.00611667,0.011816,85449,0.604685,0.551777,"G","T","Lung cancer","ieu-a-987","Lung cancer","Lung cancer ||  || ",TRUE,"igd"
"rs56166763","4","140943169",-0.0407585,0.012272,85449,0.000895839,0.356417,"C","G","Lung cancer","ieu-a-987","Lung cancer","Lung cancer ||  || ",TRUE,"igd"
"rs1174864","7","53127559",-0.00396314,0.011775,85449,0.736424,0.554863,"A","G","Lung cancer","ieu-a-987","Lung cancer","Lung cancer ||  || ",TRUE,"igd"
