"SNP","effect_allele.exposure","other_allele.exposure","effect_allele.outcome","other_allele.outcome","beta.exposure","beta.outcome","eaf.exposure","eaf.outcome","remove","palindromic","ambiguous","id.outcome","chr","pos","se.outcome","samplesize.outcome","pval.outcome","outcome","originalname.outcome","outcome.deprecated","mr_keep.outcome","data_source.outcome","pval.exposure","chr.exposure","se.exposure","samplesize.exposure","pos.exposure","id.exposure","exposure","mr_keep.exposure","pval_origin.exposure","data_source.exposure","R2","F","action","SNP_index","mr_keep"
"rs10179482","A","G","A","G",0.00577322,-0.012701,0.485465,0.507996,FALSE,FALSE,FALSE,"ieu-a-987","2","81004626",0.011776,85449,0.280778,"Lung cancer","Lung cancer","Lung cancer ||  || ",TRUE,"igd",9.90011e-09,"2",0.00100719,461066,81004626,"ukb-b-20261","Ever smoked || id:ukb-b-20261",TRUE,"reported","igd",7.12556588332515e-05,32.8557602431369,2,1,TRUE
"rs10212155","A","G","A","G",0.0103549,0.0510165,0.852761,0.844688,FALSE,FALSE,FALSE,"ieu-a-987","3","117785505",0.016665,85449,0.00220419,"Lung cancer","Lung cancer","Lung cancer ||  || ",TRUE,"igd",3.40017e-13,"3",0.0014227,461066,117785505,"ukb-b-20261","Ever smoked || id:ukb-b-20261",TRUE,"reported","igd",0.000114882046165449,52.9740615018056,2,1,TRUE
"rs10233018","G","A","G","A",0.00778877,-0.00201397,0.503991,0.531059,FALSE,FALSE,FALSE,"ieu-a-987","7","117523709",0.011777,85449,0.864205,"Lung cancer","Lung cancer","Lung cancer ||  || ",TRUE,"igd",9.20026e-15,"7",0.00100495,461066,117523709,"ukb-b-20261","Ever smoked || id:ukb-b-20261",TRUE,"reported","igd",0.000130265429281024,60.0685247381874,2,1,TRUE
"rs10774625","G","A","G","A",-0.00659074,0.0176488,0.503725,0.537167,FALSE,FALSE,FALSE,"ieu-a-987","12","111910219",0.011935,85449,0.139213,"Lung cancer","Lung cancer","Lung cancer ||  || ",TRUE,"igd",5.00035e-11,"12",0.00100322,461066,111910219,"ukb-b-20261","Ever smoked || id:ukb-b-20261",TRUE,"reported","igd",9.3599223631885e-05,43.1592721189743,2,1,TRUE
"rs10863714","G","A","G","A",-0.00581572,0.00417872,0.576592,0.569541,FALSE,FALSE,FALSE,"ieu-a-987","1","208710593",0.011856,85449,0.724493,"Lung cancer","Lung cancer","Lung cancer ||  || ",TRUE,"igd",1e-08,"1",0.00101584,461066,208710593,"ukb-b-20261","Ever smoked || id:ukb-b-20261",TRUE,"reported","igd",7.10824501768598e-05,32.775888598812,2,1,TRUE
"rs10952199","T","C","T","C",-0.00687133,-0.020611,0.426753,0.415242,FALSE,FALSE,FALSE,"ieu-a-987","7","1665339",0.012077,85449,0.0878881,"Lung cancer","Lung cancer","Lung cancer ||  || ",TRUE,"igd",1.39991e-11,"7",0.00101666,461066,1665339,"ukb-b-20261","Ever smoked || id:ukb-b-20261",TRUE,"reported","igd",9.90658603499551e-05,45.680227187399,2,1,TRUE
"rs10956808","G","T","G","T",-0.00671424,0.00724172,0.422058,0.435682,FALSE,FALSE,FALSE,"ieu-a-987","8","92775372",0.011929,85449,0.543785,"Lung cancer","Lung cancer","Lung cancer ||  || ",TRUE,"igd",4.70002e-11,"8",0.00102021,461066,92775372,"ukb-b-20261","Ever smoked || id:ukb-b-20261",TRUE,"reported","igd",9.39313742752291e-05,43.3124435461797,2,1,TRUE
"rs10988799","T","C","T","C",0.00594728,-0.00289281,0.528587,0.503722,FALSE,FALSE,FALSE,"ieu-a-987","9","102158106",0.011709,85449,0.804864,"Lung cancer","Lung cancer","Lung cancer ||  || ",TRUE,"igd",3.59998e-09,"9",0.00100781,461066,102158106,"ukb-b-20261","Ever smoked || id:ukb-b-20261",TRUE,"reported","igd",7.55237500753451e-05,34.8239123371909,2,1,TRUE
"rs11165623","A","G","A","G",0.00549631,0.0187303,0.504402,0.502143,FALSE,FALSE,FALSE,"ieu-a-987","1","96893000",0.011713,85449,0.109783,"Lung cancer","Lung cancer","Lung cancer ||  || ",TRUE,"igd",4.39997e-08,"1",0.00100408,461066,96893000,"ukb-b-20261","Ever smoked || id:ukb-b-20261",TRUE,"reported","igd",6.49852037341614e-05,29.9642852096665,2,1,TRUE
"rs1124639","C","T","C","T",0.00659743,-0.00351781,0.554782,0.54593,FALSE,FALSE,FALSE,"ieu-a-987","2","200775744",0.011677,85449,0.76321,"Lung cancer","Lung cancer","Lung cancer ||  || ",TRUE,"igd",6.70039e-11,"2",0.00101067,461066,200775744,"ukb-b-20261","Ever smoked || id:ukb-b-20261",TRUE,"reported","igd",9.24118361308403e-05,42.6117086400659,2,1,TRUE
"rs1150023","C","A","C","A",-0.00645478,0.0167241,0.737332,0.714103,FALSE,FALSE,FALSE,"ieu-a-987","10","9360823",0.013137,85449,0.203003,"Lung cancer","Lung cancer","Lung cancer ||  || ",TRUE,"igd",1.6e-08,"10",0.00114314,461066,9360823,"ukb-b-20261","Ever smoked || id:ukb-b-20261",TRUE,"reported","igd",6.91466138978702e-05,31.8832190068421,2,1,TRUE
"rs1174864","A","G","A","G",0.00620597,-0.00396314,0.550251,0.554863,FALSE,FALSE,FALSE,"ieu-a-987","7","53127559",0.011775,85449,0.736424,"Lung cancer","Lung cancer","Lung cancer ||  || ",TRUE,"igd",8.40001e-10,"7",0.00101121,461066,53127559,"ukb-b-20261","Ever smoked || id:ukb-b-20261",TRUE,"reported","igd",8.16841996503675e-05,37.6647204401412,2,1,TRUE
"rs12209519","G","A","G","A",0.00569138,-0.00454431,0.408089,0.385303,FALSE,FALSE,FALSE,"ieu-a-987","6","67549140",0.012123,85449,0.707776,"Lung cancer","Lung cancer","Lung cancer ||  || ",TRUE,"igd",2.90001e-08,"6",0.0010262,461066,67549140,"ukb-b-20261","Ever smoked || id:ukb-b-20261",TRUE,"reported","igd",6.67081776414683e-05,30.7587910789853,2,1,TRUE
"rs12244388","A","G","A","G",0.00856683,0.000914582,0.338891,0.368886,FALSE,FALSE,FALSE,"ieu-a-987","10","104640052",0.012142,85449,0.939954,"Lung cancer","Lung cancer","Lung cancer ||  || ",TRUE,"igd",6.79986e-16,"10",0.00106104,461066,104640052,"ukb-b-20261","Ever smoked || id:ukb-b-20261",TRUE,"reported","igd",0.000141368381879879,65.1890872988521,2,1,TRUE
"rs12272735","G","A","G","A",0.00578069,0.0303022,0.392103,0.376739,FALSE,FALSE,FALSE,"ieu-a-987","11","7950024",0.012139,85449,0.0125493,"Lung cancer","Lung cancer","Lung cancer ||  || ",TRUE,"igd",1.79999e-08,"11",0.00102721,461066,7950024,"ukb-b-20261","Ever smoked || id:ukb-b-20261",TRUE,"reported","igd",6.86827943197497e-05,31.6693390189392,2,1,TRUE
"rs12333760","C","T","C","T",-0.00828091,-0.0266346,0.165187,0.161644,FALSE,FALSE,FALSE,"ieu-a-987","7","99185406",0.015677,85449,0.0893347,"Lung cancer","Lung cancer","Lung cancer ||  || ",TRUE,"igd",9.90011e-10,"7",0.00135516,461066,99185406,"ukb-b-20261","Ever smoked || id:ukb-b-20261",TRUE,"reported","igd",8.09798024022485e-05,37.3398953921409,2,1,TRUE
"rs12450028","T","C","T","C",0.0061305,-0.00683531,0.34525,0.330786,FALSE,FALSE,FALSE,"ieu-a-987","17","2207425",0.012586,85449,0.587097,"Lung cancer","Lung cancer","Lung cancer ||  || ",TRUE,"igd",6.29999e-09,"17",0.00105543,461066,2207425,"ukb-b-20261","Ever smoked || id:ukb-b-20261",TRUE,"reported","igd",7.31708412049805e-05,33.7389094337178,2,1,TRUE
"rs1246265","C","T","C","T",0.00606934,0.0154,0.69544,0.682963,FALSE,FALSE,FALSE,"ieu-a-987","9","86761745",0.012743,85449,0.226855,"Lung cancer","Lung cancer","Lung cancer ||  || ",TRUE,"igd",2.90001e-08,"9",0.00109368,461066,86761745,"ukb-b-20261","Ever smoked || id:ukb-b-20261",TRUE,"reported","igd",6.6789822373435e-05,30.7964395515128,2,1,TRUE
"rs12902636","T","C","T","C",-0.00594352,0.00217563,0.502529,0.499568,FALSE,FALSE,FALSE,"ieu-a-987","15","47971451",0.011771,85449,0.853376,"Lung cancer","Lung cancer","Lung cancer ||  || ",TRUE,"igd",3.69999e-09,"15",0.00100783,461066,47971451,"ukb-b-20261","Ever smoked || id:ukb-b-20261",TRUE,"reported","igd",7.54252985069956e-05,34.7785130105549,2,1,TRUE
"rs13162305","T","A","T","A",0.00599007,0.00699448,0.335129,0.318738,FALSE,TRUE,FALSE,"ieu-a-987","5","12122698",0.012641,85449,0.580032,"Lung cancer","Lung cancer","Lung cancer ||  || ",TRUE,"igd",2.19999e-08,"5",0.00107096,461066,12122698,"ukb-b-20261","Ever smoked || id:ukb-b-20261",TRUE,"reported","igd",6.78460753954674e-05,31.2835053691997,2,1,TRUE
"rs1322525","G","A","G","A",0.00638877,-0.0158185,0.36713,0.354156,FALSE,FALSE,FALSE,"ieu-a-987","6","19093152",0.012246,85449,0.196449,"Lung cancer","Lung cancer","Lung cancer ||  || ",TRUE,"igd",9.09997e-10,"6",0.0010432,461066,19093152,"ukb-b-20261","Ever smoked || id:ukb-b-20261",TRUE,"reported","igd",8.13393927862085e-05,37.5057164877855,2,1,TRUE
"rs1363101","G","T","G","T",-0.00576905,0.020517,0.520698,0.538337,FALSE,FALSE,FALSE,"ieu-a-987","5","103941070",0.011775,85449,0.0814329,"Lung cancer","Lung cancer","Lung cancer ||  || ",TRUE,"igd",9.29994e-09,"5",0.00100464,461066,103941070,"ukb-b-20261","Ever smoked || id:ukb-b-20261",TRUE,"reported","igd",7.15144030003728e-05,32.9750748977591,2,1,TRUE
"rs1373178","G","T","G","T",-0.00624613,-0.0294044,0.594204,0.577124,FALSE,FALSE,FALSE,"ieu-a-987","18","49967811",0.012041,85449,0.0146073,"Lung cancer","Lung cancer","Lung cancer ||  || ",TRUE,"igd",1.2e-09,"18",0.00102739,461066,49967811,"ukb-b-20261","Ever smoked || id:ukb-b-20261",TRUE,"reported","igd",8.01592153959086e-05,36.961491291441,2,1,TRUE
"rs150294","G","A","G","A",-0.00755197,0.0237556,0.401317,0.424556,FALSE,FALSE,FALSE,"ieu-a-987","15","89931148",0.011872,85449,0.0453952,"Lung cancer","Lung cancer","Lung cancer ||  || ",TRUE,"igd",2.09991e-13,"15",0.00102857,461066,89931148,"ukb-b-20261","Ever smoked || id:ukb-b-20261",TRUE,"reported","igd",0.000116906573930124,53.9077147687606,2,1,TRUE
"rs1549212","T","C","T","C",-0.00662977,-0.0181601,0.626251,0.62457,FALSE,FALSE,FALSE,"ieu-a-987","5","166996722",0.012252,85449,0.138283,"Lung cancer","Lung cancer","Lung cancer ||  || ",TRUE,"igd",1.79999e-10,"5",0.00103902,461066,166996722,"ukb-b-20261","Ever smoked || id:ukb-b-20261",TRUE,"reported","igd",8.82973487017062e-05,40.7143237486447,2,1,TRUE
"rs1718705","C","G","C","G",0.00646178,-0.0261315,0.317331,0.34005,FALSE,TRUE,FALSE,"ieu-a-987","3","61823653",0.012687,85449,0.0394285,"Lung cancer","Lung cancer","Lung cancer ||  || ",TRUE,"igd",2.5e-09,"3",0.00108421,461066,61823653,"ukb-b-20261","Ever smoked || id:ukb-b-20261",TRUE,"reported","igd",7.70337365865944e-05,35.520218980754,2,1,TRUE
"rs17584022","A","G","A","G",-0.00659301,-0.0123641,0.288018,0.282944,FALSE,FALSE,FALSE,"ieu-a-987","11","59190650",0.013045,85449,0.343206,"Lung cancer","Lung cancer","Lung cancer ||  || ",TRUE,"igd",2.69998e-09,"11",0.00110867,461066,59190650,"ukb-b-20261","Ever smoked || id:ukb-b-20261",TRUE,"reported","igd",7.66948972687478e-05,35.3639683502376,2,1,TRUE
"rs1876066","C","T","C","T",-0.00569426,0.00170954,0.497781,0.495421,FALSE,FALSE,FALSE,"ieu-a-987","10","10040774",0.011835,85449,0.885173,"Lung cancer","Lung cancer","Lung cancer ||  || ",TRUE,"igd",1.89998e-08,"10",0.00101351,461066,10040774,"ukb-b-20261","Ever smoked || id:ukb-b-20261",TRUE,"reported","igd",6.84582322511515e-05,31.5657873326453,2,1,TRUE
"rs1899896","T","C","T","C",0.00723263,0.0173457,0.297037,0.314247,FALSE,FALSE,FALSE,"ieu-a-987","8","93201036",0.012897,85449,0.178635,"Lung cancer","Lung cancer","Lung cancer ||  || ",TRUE,"igd",5.50047e-11,"8",0.00110301,461066,93201036,"ukb-b-20261","Ever smoked || id:ukb-b-20261",TRUE,"reported","igd",9.32459550711869e-05,42.9963622658058,2,1,TRUE
"rs2155292","G","A","G","A",0.0147459,0.00571762,0.387722,0.391461,FALSE,FALSE,FALSE,"ieu-a-987","11","112910783",0.012094,85449,0.636413,"Lung cancer","Lung cancer","Lung cancer ||  || ",TRUE,"igd",1.99986e-46,"11",0.00103067,461066,112910783,"ukb-b-20261","Ever smoked || id:ukb-b-20261",TRUE,"reported","igd",0.00044375926752136,204.692257006505,2,1,TRUE
"rs2175207","G","A","G","A",0.00760405,0.016686,0.159486,0.180088,FALSE,FALSE,FALSE,"ieu-a-987","10","87357738",0.01565,85449,0.286331,"Lung cancer","Lung cancer","Lung cancer ||  || ",TRUE,"igd",2.90001e-08,"10",0.00137126,461066,87357738,"ukb-b-20261","Ever smoked || id:ukb-b-20261",TRUE,"reported","igd",6.66896212354762e-05,30.7502342467884,2,1,TRUE
"rs2183573","G","A","G","A",-0.0058352,-0.0191416,0.572269,0.5884,FALSE,FALSE,FALSE,"ieu-a-987","21","40574305",0.011918,85449,0.108248,"Lung cancer","Lung cancer","Lung cancer ||  || ",TRUE,"igd",9.20005e-09,"21",0.00101582,461066,40574305,"ukb-b-20261","Ever smoked || id:ukb-b-20261",TRUE,"reported","igd",7.15622185172491e-05,32.9971240658398,2,1,TRUE
"rs28809490","A","G","A","G",-0.00633021,0.00512783,0.309077,0.295694,FALSE,FALSE,FALSE,"ieu-a-987","22","46414043",0.014132,85449,0.716696,"Lung cancer","Lung cancer","Lung cancer ||  || ",TRUE,"igd",5.89997e-09,"22",0.00108783,461066,46414043,"ukb-b-20261","Ever smoked || id:ukb-b-20261",TRUE,"reported","igd",7.34377191320998e-05,33.8619752801523,2,1,TRUE
"rs303753","A","G","A","G",-0.00607647,0.0131383,0.346408,0.362159,FALSE,FALSE,FALSE,"ieu-a-987","18","21074922",0.012476,85449,0.292301,"Lung cancer","Lung cancer","Lung cancer ||  || ",TRUE,"igd",1.09999e-08,"18",0.00106424,461066,21074922,"ukb-b-20261","Ever smoked || id:ukb-b-20261",TRUE,"reported","igd",7.07016836599432e-05,32.6003059715081,2,1,TRUE
"rs34335016","T","A","T","A",-0.00863658,0.0172808,0.12052,0.116671,FALSE,TRUE,FALSE,"ieu-a-987","1","154144681",0.018855,85449,0.359414,"Lung cancer","Lung cancer","Lung cancer ||  || ",TRUE,"igd",2.19999e-08,"1",0.00154322,461066,154144681,"ukb-b-20261","Ever smoked || id:ukb-b-20261",TRUE,"reported","igd",6.79258866119147e-05,31.3203084445559,2,1,TRUE
"rs35892365","T","C","T","C",-0.00670967,-0.00510802,0.243677,0.248608,FALSE,FALSE,FALSE,"ieu-a-987","8","26280685",0.014801,85449,0.729985,"Lung cancer","Lung cancer","Lung cancer ||  || ",TRUE,"igd",2e-08,"8",0.00119592,461066,26280685,"ukb-b-20261","Ever smoked || id:ukb-b-20261",TRUE,"reported","igd",6.82661354049891e-05,31.4772062815921,2,1,TRUE
"rs3783177","G","T","G","T",-0.00728636,-0.0212359,0.238285,0.228215,FALSE,FALSE,FALSE,"ieu-a-987","13","101151360",0.013985,85449,0.128907,"Lung cancer","Lung cancer","Lung cancer ||  || ",TRUE,"igd",7.29995e-10,"13",0.00118308,461066,101151360,"ukb-b-20261","Ever smoked || id:ukb-b-20261",TRUE,"reported","igd",8.22610407253962e-05,37.9307247019035,2,1,TRUE
"rs3790286","C","T","C","T",0.00559103,0.0347333,0.542753,0.53594,FALSE,FALSE,FALSE,"ieu-a-987","20","19655938",0.011821,85449,0.0033005,"Lung cancer","Lung cancer","Lung cancer ||  || ",TRUE,"igd",3.40001e-08,"20",0.00101284,461066,19655938,"ukb-b-20261","Ever smoked || id:ukb-b-20261",TRUE,"reported","igd",6.60861050893364e-05,30.4719377285888,2,1,TRUE
"rs41513151","A","G","A","G",0.00725566,-0.0231192,0.216228,0.236226,FALSE,FALSE,FALSE,"ieu-a-987","7","121962809",0.014067,85449,0.100271,"Lung cancer","Lung cancer","Lung cancer ||  || ",TRUE,"igd",2.80001e-09,"7",0.00122102,461066,121962809,"ukb-b-20261","Ever smoked || id:ukb-b-20261",TRUE,"reported","igd",7.65793956858743e-05,35.310706565082,2,1,TRUE
"rs4422110","T","C","T","C",-0.00884447,-0.0258276,0.534619,0.525758,FALSE,FALSE,FALSE,"ieu-a-987","2","146114898",0.011733,85449,0.0277204,"Lung cancer","Lung cancer","Lung cancer ||  || ",TRUE,"igd",1.50003e-18,"2",0.00100653,461066,146114898,"ukb-b-20261","Ever smoked || id:ukb-b-20261",TRUE,"reported","igd",0.000167438127195606,77.2126210139731,2,1,TRUE
"rs465646","A","G","A","G",-0.0117393,-0.0191858,0.84077,0.838034,FALSE,FALSE,FALSE,"ieu-a-987","6","111620758",0.015988,85449,0.230141,"Lung cancer","Lung cancer","Lung cancer ||  || ",TRUE,"igd",1.29987e-17,"6",0.0013743,461066,111620758,"ukb-b-20261","Ever smoked || id:ukb-b-20261",TRUE,"reported","igd",0.000158230240410896,72.9658129629361,2,1,TRUE
"rs4856598","C","A","C","A",-0.00839393,0.0122183,0.62769,0.634045,FALSE,FALSE,FALSE,"ieu-a-987","3","85650790",0.012372,85449,0.323351,"Lung cancer","Lung cancer","Lung cancer ||  || ",TRUE,"igd",1.20005e-15,"3",0.00104871,461066,85650790,"ukb-b-20261","Ever smoked || id:ukb-b-20261",TRUE,"reported","igd",0.000138930125951641,64.0645800919486,2,1,TRUE
"rs528301","A","G","A","G",0.00759775,0.005104,0.554847,0.59217,FALSE,FALSE,FALSE,"ieu-a-987","2","45154908",0.011986,85449,0.670266,"Lung cancer","Lung cancer","Lung cancer ||  || ",TRUE,"igd",5.10035e-14,"2",0.00100892,461066,45154908,"ukb-b-20261","Ever smoked || id:ukb-b-20261",TRUE,"reported","igd",0.00012298156770909,56.7093477387125,2,1,TRUE
"rs529206","T","C","T","C",-0.00585495,-0.00119329,0.589177,0.590706,FALSE,FALSE,FALSE,"ieu-a-987","11","132213460",0.012006,85449,0.920852,"Lung cancer","Lung cancer","Lung cancer ||  || ",TRUE,"igd",1.40001e-08,"11",0.00103212,461066,132213460,"ukb-b-20261","Ever smoked || id:ukb-b-20261",TRUE,"reported","igd",6.97899015757403e-05,32.1798570091705,2,1,TRUE
"rs55864295","G","A","G","A",-0.00737455,0.0136839,0.185129,0.171753,FALSE,FALSE,FALSE,"ieu-a-987","4","70512801",0.015527,85449,0.378159,"Lung cancer","Lung cancer","Lung cancer ||  || ",TRUE,"igd",1.09999e-08,"4",0.00129114,461066,70512801,"ukb-b-20261","Ever smoked || id:ukb-b-20261",TRUE,"reported","igd",7.07506691732727e-05,32.6228946233308,2,1,TRUE
"rs56166763","C","G","C","G",-0.00582081,-0.0407585,0.368511,0.356417,FALSE,TRUE,FALSE,"ieu-a-987","4","140943169",0.012272,85449,0.000895839,"Lung cancer","Lung cancer","Lung cancer ||  || ",TRUE,"igd",2.30001e-08,"4",0.00104103,461066,140943169,"ukb-b-20261","Ever smoked || id:ukb-b-20261",TRUE,"reported","igd",6.78028285694023e-05,31.2635631095329,2,1,TRUE
"rs58400863","A","G","A","G",-0.00632706,-0.0289284,0.341099,0.368577,FALSE,FALSE,FALSE,"ieu-a-987","4","31184484",0.012455,85449,0.0201958,"Lung cancer","Lung cancer","Lung cancer ||  || ",TRUE,"igd",2.69998e-09,"4",0.00106405,461066,31184484,"ukb-b-20261","Ever smoked || id:ukb-b-20261",TRUE,"reported","igd",7.66802346284141e-05,35.3572068976358,2,1,TRUE
"rs61785503","T","C","T","C",0.00704819,0.0144324,0.23512,0.227134,FALSE,FALSE,FALSE,"ieu-a-987","1","50458443",0.014033,85449,0.303726,"Lung cancer","Lung cancer","Lung cancer ||  || ",TRUE,"igd",2.5e-09,"1",0.00118258,461066,50458443,"ukb-b-20261","Ever smoked || id:ukb-b-20261",TRUE,"reported","igd",7.70366857998642e-05,35.5215789663465,2,1,TRUE
"rs6265","T","C","T","C",-0.00837849,-0.0348751,0.18847,0.175688,FALSE,FALSE,FALSE,"ieu-a-987","11","27679916",0.015137,85449,0.0212251,"Lung cancer","Lung cancer","Lung cancer ||  || ",TRUE,"igd",6.70039e-11,"11",0.00128362,461066,27679916,"ukb-b-20261","Ever smoked || id:ukb-b-20261",TRUE,"reported","igd",9.23964603957882e-05,42.6046181318356,2,1,TRUE
"rs6438208","A","G","A","G",-0.00655943,0.00564106,0.25141,0.266335,FALSE,FALSE,FALSE,"ieu-a-987","3","114170272",0.014337,85449,0.693996,"Lung cancer","Lung cancer","Lung cancer ||  || ",TRUE,"igd",4.79999e-08,"3",0.00120129,461066,114170272,"ukb-b-20261","Ever smoked || id:ukb-b-20261",TRUE,"reported","igd",6.46614291615701e-05,29.8149850544942,2,1,TRUE
"rs6499595","C","G","C","G",-0.00654215,-0.0200119,0.397268,0.404069,FALSE,TRUE,FALSE,"ieu-a-987","16","72934443",0.013095,85449,0.126455,"Lung cancer","Lung cancer","Lung cancer ||  || ",TRUE,"igd",1.79999e-10,"16",0.00102622,461066,72934443,"ukb-b-20261","Ever smoked || id:ukb-b-20261",TRUE,"reported","igd",8.8137082318022e-05,40.6404176497123,2,1,TRUE
"rs67716713","A","C","A","C",-0.00728581,-0.0403336,0.488327,0.477828,FALSE,FALSE,FALSE,"ieu-a-987","2","104267572",0.011681,85449,0.000554421,"Lung cancer","Lung cancer","Lung cancer ||  || ",TRUE,"igd",4.00037e-13,"2",0.00100396,461066,104267572,"ukb-b-20261","Ever smoked || id:ukb-b-20261",TRUE,"reported","igd",0.00011421158570633,52.6648654899018,2,1,TRUE
"rs7014143","C","A","C","A",0.00602856,0.0104454,0.586417,0.586429,FALSE,FALSE,FALSE,"ieu-a-987","8","21587997",0.012087,85449,0.387507,"Lung cancer","Lung cancer","Lung cancer ||  || ",TRUE,"igd",2.39999e-08,"8",0.00108012,461066,21587997,"ukb-b-20261","Ever smoked || id:ukb-b-20261",TRUE,"reported","igd",6.7560167898005e-05,31.1516658635018,2,1,TRUE
"rs7024687","G","A","G","A",-0.00582717,-0.00897659,0.522154,0.524283,FALSE,FALSE,FALSE,"ieu-a-987","9","3174579",0.01201,85449,0.454787,"Lung cancer","Lung cancer","Lung cancer ||  || ",TRUE,"igd",1e-08,"9",0.00101691,461066,3174579,"ukb-b-20261","Ever smoked || id:ukb-b-20261",TRUE,"reported","igd",7.12125134402202e-05,32.8358646212524,2,1,TRUE
"rs71580759","C","T","C","T",-0.00681164,-0.0290921,0.222323,0.217627,FALSE,FALSE,FALSE,"ieu-a-987","5","87770123",0.014306,85449,0.0419981,"Lung cancer","Lung cancer","Lung cancer ||  || ",TRUE,"igd",1.7e-08,"5",0.00120836,461066,87770123,"ukb-b-20261","Ever smoked || id:ukb-b-20261",TRUE,"reported","igd",6.89156195706799e-05,31.7767011327824,2,1,TRUE
"rs7162423","T","C","T","C",-0.00561656,0.000780695,0.444196,0.451059,FALSE,FALSE,FALSE,"ieu-a-987","15","74052756",0.011755,85449,0.947073,"Lung cancer","Lung cancer","Lung cancer ||  || ",TRUE,"igd",2.69998e-08,"15",0.00101048,461066,74052756,"ukb-b-20261","Ever smoked || id:ukb-b-20261",TRUE,"reported","igd",6.70028326505791e-05,30.8946640632126,2,1,TRUE
"rs7216173","T","A","T","A",-0.00718666,-0.00527009,0.781979,0.779694,FALSE,TRUE,FALSE,"ieu-a-987","17","51891405",0.014785,85449,0.721494,"Lung cancer","Lung cancer","Lung cancer ||  || ",TRUE,"igd",5.60003e-09,"17",0.00123277,461066,51891405,"ukb-b-20261","Ever smoked || id:ukb-b-20261",TRUE,"reported","igd",7.37046647919669e-05,33.9850724260145,2,1,TRUE
"rs73058737","T","G","T","G",0.00615596,-0.00652323,0.288033,0.291138,FALSE,FALSE,FALSE,"ieu-a-987","3","34532026",0.013012,85449,0.616137,"Lung cancer","Lung cancer","Lung cancer ||  || ",TRUE,"igd",3.29997e-08,"3",0.00111382,461066,34532026,"ukb-b-20261","Ever smoked || id:ukb-b-20261",TRUE,"reported","igd",6.62475291833886e-05,30.5463744172405,2,1,TRUE
"rs75174460","C","T","C","T",0.0107765,0.025269,0.075101,0.07686,FALSE,FALSE,FALSE,"ieu-a-987","12","133486532",0.024195,85449,0.296298,"Lung cancer","Lung cancer","Lung cancer ||  || ",TRUE,"igd",2.19999e-08,"12",0.00192612,461066,133486532,"ukb-b-20261","Ever smoked || id:ukb-b-20261",TRUE,"reported","igd",6.78884983917583e-05,31.3030677407616,2,1,TRUE
"rs7572027","T","C","T","C",0.00709608,0.0148771,0.81255,0.809687,FALSE,FALSE,FALSE,"ieu-a-987","2","226286009",0.015127,85449,0.325372,"Lung cancer","Lung cancer","Lung cancer ||  || ",TRUE,"igd",3.40001e-08,"2",0.00128534,461066,226286009,"ukb-b-20261","Ever smoked || id:ukb-b-20261",TRUE,"reported","igd",6.6101171118318e-05,30.4788850504924,2,1,TRUE
"rs75919030","C","T","C","T",-0.0067996,0.00734198,0.262188,0.275605,FALSE,FALSE,FALSE,"ieu-a-987","17","50193197",0.013326,85449,0.581649,"Lung cancer","Lung cancer","Lung cancer ||  || ",TRUE,"igd",2.90001e-09,"17",0.00114564,461066,50193197,"ukb-b-20261","Ever smoked || id:ukb-b-20261",TRUE,"reported","igd",7.63966149218129e-05,35.2264200415577,2,1,TRUE
"rs763053","C","T","C","T",-0.00842129,-0.0176783,0.225654,0.252162,FALSE,FALSE,FALSE,"ieu-a-987","16","735921",0.013801,85449,0.200227,"Lung cancer","Lung cancer","Lung cancer ||  || ",TRUE,"igd",2.90001e-12,"16",0.00120641,461066,735921,"ukb-b-20261","Ever smoked || id:ukb-b-20261",TRUE,"reported","igd",0.000105671627664134,48.72653234932,2,1,TRUE
"rs7758291","C","A","C","A",0.00602251,-0.0153122,0.684258,0.694798,FALSE,FALSE,FALSE,"ieu-a-987","6","129346046",0.012671,85449,0.226876,"Lung cancer","Lung cancer","Lung cancer ||  || ",TRUE,"igd",2.39999e-08,"6",0.0010797,461066,129346046,"ukb-b-20261","Ever smoked || id:ukb-b-20261",TRUE,"reported","igd",6.74771068227827e-05,31.1133642199406,2,1,TRUE
"rs77878475","A","T","A","T",-0.0116695,-0.0604105,0.084235,0.074327,FALSE,TRUE,FALSE,"ieu-a-987","16","18058548",0.025005,85449,0.0156964,"Lung cancer","Lung cancer","Lung cancer ||  || ",TRUE,"igd",4.90004e-10,"16",0.00187524,461066,18058548,"ukb-b-20261","Ever smoked || id:ukb-b-20261",TRUE,"reported","igd",8.39829658860321e-05,38.7247744046853,2,1,TRUE
"rs7870475","C","T","C","T",0.00565884,0.0294704,0.475284,0.480759,FALSE,FALSE,FALSE,"ieu-a-987","9","128134034",0.011742,85449,0.0120784,"Lung cancer","Lung cancer","Lung cancer ||  || ",TRUE,"igd",1.79999e-08,"9",0.00100528,461066,128134034,"ukb-b-20261","Ever smoked || id:ukb-b-20261",TRUE,"reported","igd",6.87207358243528e-05,31.6868348847286,2,1,TRUE
"rs7901348","G","T","G","T",-0.00602763,0.00611667,0.551902,0.551777,FALSE,FALSE,FALSE,"ieu-a-987","10","63679281",0.011816,85449,0.604685,"Lung cancer","Lung cancer","Lung cancer ||  || ",TRUE,"igd",3.09999e-09,"10",0.00101703,461066,63679281,"ukb-b-20261","Ever smoked || id:ukb-b-20261",TRUE,"reported","igd",7.61779815818546e-05,35.1256006974192,2,1,TRUE
"rs7969559","G","A","G","A",-0.0062217,-0.0100177,0.720249,0.71657,FALSE,FALSE,FALSE,"ieu-a-987","12","69655167",0.012803,85449,0.433961,"Lung cancer","Lung cancer","Lung cancer ||  || ",TRUE,"igd",2.59998e-08,"12",0.00111792,461066,69655167,"ukb-b-20261","Ever smoked || id:ukb-b-20261",TRUE,"reported","igd",6.71744947732616e-05,30.973821908977,2,1,TRUE
"rs899632","C","T","C","T",-0.00702938,-0.0145341,0.389049,0.406383,FALSE,FALSE,FALSE,"ieu-a-987","4","57749347",0.011997,85449,0.225704,"Lung cancer","Lung cancer","Lung cancer ||  || ",TRUE,"igd",9.8992e-12,"4",0.00103262,461066,57749347,"ukb-b-20261","Ever smoked || id:ukb-b-20261",TRUE,"reported","igd",0.000100495411724702,46.3394734158982,2,1,TRUE
"rs905871","G","A","G","A",-0.00583757,-0.00223049,0.339517,0.33931,FALSE,FALSE,FALSE,"ieu-a-987","11","4661285",0.012717,85449,0.860778,"Lung cancer","Lung cancer","Lung cancer ||  || ",TRUE,"igd",3.69999e-08,"11",0.00106085,461066,4661285,"ukb-b-20261","Ever smoked || id:ukb-b-20261",TRUE,"reported","igd",6.56696380784605e-05,30.2798944807189,2,1,TRUE
"rs9375371","A","G","A","G",0.00706813,0.00651374,0.269366,0.289358,FALSE,FALSE,FALSE,"ieu-a-987","6","98751680",0.013017,85449,0.616768,"Lung cancer","Lung cancer","Lung cancer ||  || ",TRUE,"igd",4.60002e-10,"6",0.00113438,461066,98751680,"ukb-b-20261","Ever smoked || id:ukb-b-20261",TRUE,"reported","igd",8.41961571991533e-05,38.8230857775035,2,1,TRUE
"rs9423279","G","C","G","C",-0.00627277,-0.00096953,0.656563,0.613359,FALSE,TRUE,FALSE,"ieu-a-987","10","125680419",0.015109,79125,0.948833,"Lung cancer","Lung cancer","Lung cancer ||  || ",TRUE,"igd",5.89997e-09,"10",0.00107762,461066,125680419,"ukb-b-20261","Ever smoked || id:ukb-b-20261",TRUE,"reported","igd",7.3483939188348e-05,33.8832888154713,2,1,TRUE
"rs9597810","G","C","G","C",-0.00587358,-0.0238584,0.327261,0.313604,FALSE,TRUE,FALSE,"ieu-a-987","13","59264524",0.012499,85449,0.0562782,"Lung cancer","Lung cancer","Lung cancer ||  || ",TRUE,"igd",4.30002e-08,"13",0.0010721,461066,59264524,"ukb-b-20261","Ever smoked || id:ukb-b-20261",TRUE,"reported","igd",6.50944281379998e-05,30.0146512015745,2,1,TRUE
"rs9845144","A","G","A","G",0.0065577,0.00139003,0.272671,0.27263,FALSE,FALSE,FALSE,"ieu-a-987","3","184056716",0.013489,85449,0.917949,"Lung cancer","Lung cancer","Lung cancer ||  || ",TRUE,"igd",8.79995e-09,"3",0.00114003,461066,184056716,"ukb-b-20261","Ever smoked || id:ukb-b-20261",TRUE,"reported","igd",7.1758981563647e-05,33.0878574266124,2,1,TRUE
